"movie","category","rating","note","watched","barcode","loaned","running_time","format","region","rated","location"
"hugo",,,,,,"ck",,"bluray",,,
"tower heist",,,,,,"ck",,"bluray",,,
"Rush hour 3",,,,,,"Ck",,"Dvd",,,
"money talks",,,,,,"Ck",,"Dvd",,,
"Rush hour 2",,,,,,"ck",,"Dvd",,,
"rush hour",,,,,,"Ck",,"Dvd",,,
"burn after reading",,,,,,"Ck",,"Dvd",,,
"Bowfinger",,,,,,"Ck",,"Dvd",,,
"water horse",,,,,,"Ck",,"Dvd",,,
"Maverick",,,,,,"Ck",,"Dvd",,,
"box",,,,,,"Ck",,"Dvd",,,
"man who knew too little",,,,,,"ck",,"dvd",,,
"rebecca",,,"Olivier",,,"Ck",,"Dvd",,,
"shanghai knights",,,,,,"Ck",,"Dvd",,,
"kings",,,"Complete series",,,"Ck",,"Dvd",,,
"star trek",,,"Young crew",,,"Ck",,"dvd",,,
"green hornet",,,,,,"Ck",,"dvd",,,
"due date",,,,,,"Ck",,"Blu ray",,,
"benjamin button",,,,,,"Ck",,"Dvd",,,
"just go with it",,,,,,"Ck",,"Dvd",,,
"king's speech",,,,,,"Ck",,"Dvd",,,
"lincoln lawyer",,,,,,"Ck",,"Dvd",,,
"doc martin",,,,,,"Ck",,"Dvd",,,
"krippendorf's tribe",,,,,,"Ck",,"Dvd",,,
"wanted",,,,,,"ck",,"Dvd",,,
"time to kill",,,,,,"Ck",,"Bluray",,,
"Red riding hood",,,2010,,,"Ck",,"Dvd",,,
"Pelican brief",,,,,,"Ck",,"Bluray",,,
"client",,,,,,"Ck",,"Dvd",,,
"brick",,,,,,"Ck",,"Dvd",,,
9,,,"toon",,,"cat",,"bluray",,,
187,,,,,,"cat",,"dvd",,,
300,,,,,,"ekk",,"dvd",,,
"12 angry men",,,1957,,,"cat",,"dvd",,,
"12 monkeys",,,,,,"cat",,"dvd",,,
"2001: a space odyssey",,,,,,"cat",,"dvd",,,
"2010:year we make contact",,,,,,"cat",,"dvd ",,,
"3:10 to Yuma",,,,,,"cat",,"dvd",,,
"48 hours mystery",,,"wm3",,,"cat",,"dvd",,,
"8 heads in a duffel bag",,,,,,"cat",,"dvd",,,
"8mm",,,,,,"ekk",,"dvd",,,
"a good day to die",,,,,,"cat",,"dvd",,,
"a merry war",,,,,,"cat",,"dvd",,,
"abyss",,,,,,"cat",,"dvd",,,
"accepted",,,,,,"ekk",,"dvd",,,
"accidental spy",,,,,,"cat",,"dvd",,,
"adventures in babysitting",,,,,,"cat",,"dvd",,,
"adventures of sherlock holmes",,,"vol 3",,,"cat",,"dvd",,,
"airplane",,,,,,"ekk",,"dvd",,,
"airplane 2",,,,,,"ekk",,"dvd",,,
"ali",,,,,,"ekk",,"dvd",,,
"alice in wonderland",,,"johnny depp",,,"cat",,"bluray",,,
"all star tribute to brian wilson",,,,,,"ekk",,"dvd",,,
"along came a spider",,,,,,"cat",,"dvd",,,
"amadeus",,,,,,"cat",,"dvd",,,
"american chopper season 2",,,,,,"ekk",,"dvd",,,
"american graffiti",,,,,,"cat",,"dvd",,,
"an inconvenient truth",,,,,,"cat",,"dvd",,,
"angle heart",,,,,,"ekk",,"vhs",,,
"arlington road",,,,,,"cat",,"dvd",,,
"arrival",,,,,,"cat",,"dvd",,,
"as you like it",,,"shakespeare",,,"cat",,"dvd",,,
"at war with the army",,,"1950's",,,"cat",,"dvd",,,
"atonement",,,,,,"cat",,"dvd",,,
"austin powers spy who shagged me",,,,,,"ekk",,"dvd",,,
"avatar",,,,,,"cat",,"bluray",,,
"bait",,,,,,"ekk",,"dvd",,,
"batman begins",,,,,,"cat",,"dvd",,,
"battlefield earth",,,,,,"cat",,"dvd",,,
"beach boys good timin",,,,,,"ekk",,"dvd",,,
"beach boys lost concert",,,,,,"ekk",,"dvd",,,
"beatles anthology",,,,,,"ekk",,"vhs",,,
"bedtime stories",,,,,,"cat",,"dvd",,,
"beetlejuice",,,,,,"ekk",,"dvd",,,
"being john malcovich",,,,,,"cat",,"dvd",,,
"beyond the sea",,,,,,"ekk",,"dvd",,,
"big easy",,,,,,"cat",,"dvd",,,
"big squeeze",,,,,,"cat",,"dvd",,,
"black swan",,,,,,"cat",,"bluray&digi",,,
"blindness",,,,,,"cat",,"dvd",,,
"blue streak",,,,,,"ekk",,"dvd",,,
"blues - musical journey",,,,,,"ekk",,"dvd",,,
"bodies  rest & motion",,,,,,"cat",,"dvd",,,
"bone collector",,,,,,"cat",,"dvd",,,
"brazil",,,,,,"cat",,"dvd",,,
"brewster's millions",,,,,,"ekk",,"dvd",,,
"bridge to terabithia",,,,,,"cat",,"dvd",,,
"buckaroo bonzai",,,,,,"ekk",,"dvd",,,
"bug's life",,,,,,"ekk",,"dvd",,,
"bully",,,,,,"ekk",,"ps2",,,
"bustin loose",,,,,,"ekk",,"dvd",,,
"cadillac man",,,,,,"cat",,"dvd",,,
"caine mutiny",,,1954,,,"cat",,"dvd",,,
"can't you hear the wind howl?",,,,,,"ekk",,"dvd",,,
"cape fear",,,,,,"ekk",,"vhs",,,
"car wash",,,,,,"ekk",,"dvd",,,
"carl perkins and friends",,,,,,"ekk",,"dvd",,,
"casablanca",,,1943,,,"cat",,"dvd",,,
"cats",,,,,,"cat",,"dvd",,,
"central station",,,,,,"cat",,"dvd",,,
"charlie and the chocolate factory",,,"j depp",,,"cat",,"dvd",,,
"chris farley",,,,,,"ekk",,"dvd",,,
"christmas story",,,,,,"cat",,"dvd",,,
"clearing the air",,,"shell oil enviro",,,"cat",,"dvd",,,
"click",,,,,,"cat",,"dvd",,,
"club paradise",,,,,,"ekk",,"vhs",,,
"clue",,,,,,"ekk",,"dvd",,,
"color of night",,,,,,"ekk",,"dvd",,,
"coming to america",,,,,,"ekk",,"dvd",,,
"commandments",,,,,,"cat",,"dvd",,,
"con artists",,,,,,"ekk",,"dvd",,,
"congo",,,,,,"cat",,"dvd",,,
"corpse vanishes",,,"mst3k",,,"ekk",,"dvd",,,
"cup",,,,,,"cat",,"dvd",,,
"dangerous liaisons",,,,,,"cat",,"dvd",,,
"dark city",,,,,,"cat",,"dvd",,,
"dark city",,,,,,"ekk",,"dvd",,,
"dark knight",,,,,,"cat",,"dvd",,,
"date night",,,,,,"cat",,"dvd",,,
"death to smoochy",,,,,,"ekk",,"dvd",,,
"deathtrap",,,,,,"cat",,"dvd",,,
"dejavu",,,,,,"cat",,"dvd",,,
"desparado",,,"double feature",,,"cat",,"dvd",,,
"destroy all humans",,,,,,"ekk",,"ps2",,,
"destroy all humans 2",,,,,,"ekk",,"ps2",,,
"double jeopardy",,,,,,"ekk",,"dvd",,,
"down the rabbit hole",,,"what the bleep",,,"cat",,"dvd",,,
"dragnet",,,,,,"cat",,"dvd",,,
"driving miss daisy",,,,,,"cat",,"dvd",,,
"dudley do-right",,,,,,"cat",,"dvd",,,
"due date",,,,,,"cat",,"bluray&dvd",,,
"duel",,,,,,"ekk",,"dvd",,,
"dumb and dumber",,,,,,"ekk",,"dvd",,,
"dune",,,,,,"cat",,"dvd",,,
"eddie and the cruisers 2",,,,,,"ekk",,"vhs",,,
"elf",,,,,,"cat",,"dvd",,,
"emma",,,,,,"cat",,"dvd",,,
"enchanted",,,,,,"cat",,"dvd",,,
"encino man",,,,,,"cat",,"dvd",,,
"enemy of the state",,,,,,"ekk",,"dvd",,,
"eragon",,,,,,"cat",,"dvd",,,
"ever after",,,,,,"cat",,"dvd",,,
"face off",,,,,,"ekk",,"dvd",,,
"falcon and the snowman",,,,,,"cat",,"dvd",,,
"Falcon and the Snowman",,,1985,,,"cat",,"dvd",,,
"fallen",,,,,,"cat",,"dvd",,,
"fate",,,,,,"ekk",,"pc",,,
"fate undiscovered realms",,,,,,"ekk",,"pc",,,
"Fate The Traitor Soul",,,,,,"cat",,"pc",,,
"father ted christmas",,,,,,"ekk",,"vhs",,,
"fawlty towers",,,,,,"ekk",,"dvd",,,
"fawlty towers 1 & 2",,,,,,"cat",,"dvd",,,
"ferris bueller's day off",,,,,,"ekk",,"dvd",,,
"first spaceship on venus",,,"mst3k",,,"ekk",,"dvd",,,
"flatliners",,,,,,"ekk",,"dvd",,,
"flight of the navigator",,,,,,"cat",,"dvd",,,
"forgotten",,,,,,"cat",,"dvd",,,
"fraggle rock",,,,,,"ekk",,"dvd",,,
"frantic",,,"h ford double feature",,,"cat",,"dvd",,,
"friday",,,,,,"ekk",,"dvd",,,
"friday after next",,,,,,"ekk",,"dvd",,,
"fun with dick & jane",,,1976,,,"cat",,"dvd",,,
"fun with dick & jane",,,2006,,,"cat",,"dvd",,,
"funky monkey",,,,,,"ekk",,"dvd",,,
"future war",,,"mst3k",,,"ekk",,"dvd",,,
"galaxy quest",,,,,,"cat",,"dvd",,,
"gandhi",,,,,,"cat",,"dvd",,,
"ghostbusters",,,,,,"ekk",,"dvd",,,
"ghostbusters 2",,,,,,"ekk",,"dvd",,,
"gloria",,,,,,"cat",,"dvd",,,
"gods and monsters",,,,,,"cat",,"dvd",,,
"gods must be crazy",,,,,,"cat",,"dvd",,,
"golden compass",,,,,,"cat",,"dvd",,,
"gone with the wind",,,"75th anniversary",,,"cat",,"bluray",,,
"gothika",,,,,,"cat",,"bluray",,,
"grand theft auto",,,,,,"ekk",,"ps2",,,
"greatest places",,,"enviro",,,"cat",,"dvd",,,
"habitat",,,,,,"ekk",,"dvd",,,
"hancock",,,,,,"cat",,"dvd",,,
"hangover",,,,,,"cat",,"dvd",,,
"hard days night",,,,,,"ekk",,"dvd",,,
"harry potter",,,"sorcerer's stone",,,"cat",,"dvd",,,
"harry potter",,,"chamber of secrets",,,"cat",,"dvd",,,
"harry potter",,,"prisoner of azkaban",,,"cat",,"dvd",,,
"harry potter",,,"goblet of fire",,,"cat",,"dvd",,,
"harry potter",,,"order of the phoenix",,,"cat",,"bluray",,,
"harry potter",,,"half-blood prince",,,"cat",,"dvd",,,
"head - monkees",,,,,,"ekk",,"dvd",,,
"hee haw collection",,,"7 discs",,,"cat",,"dvd",,,
"hidalgo",,,,,,"cat",,"bluray",,,
"high noon",,,,,,"ekk",,"dvd",,,
"hitchhiker's guide to the galaxy",,,,,,"ekk",,"dvd",,,
"hook",,,,,,"cat",,"dvd",,,
"housesitter",,,,,,"cat",,"dvd",,,
"how the grinch stole christmas",,,,,,"ekk",,"dvd",,,
"how to irritate people",,,,,,"ekk",,"vhs",,,
"howard's end",,,,,,"cat",,"dvd",,,
"i love you to death",,,,,,"cat",,"dvd",,,
"i wanna hold your hand",,,,,,"ekk",,"vhs",,,
"i claudius",,,"5 discs",,,"cat",,"dvd",,,
"i robot",,,,,,"cat",,"dvd",,,
"i'm your man",,,"interactive movie",,,"cat",,"dvd",,,
"ice age",,,"toon",,,"ekk",,"dvd",,,
"ice age meltdown",,,"toon",,,"ekk",,"dvd",,,
"identity",,,"double feature",,,"cat",,"dvd",,,
"illusionist",,,,,,"cat",,"dvd",,,
"Illusionist",,,,,,"cat",,"dvd",,,
"imaginationland",,,,,,"ekk",,"dvd",,,
"imagine",,,"john lennon",,,"cat",,"dvd",,,
"indianna jones kingdom of crystal skull",,,,,,"cat",,"dvd",,,
"indigenous",,,,,,"cat",,"dvd",,,
"infinity",,,,,,"cat",,"dvd",,,
"inherit the wind",,,1960,,,"cat",,"dvd",,,
"inspector gadget",,,,,,"ekk",,"dvd",,,
"IP Man",,,,,,"cat",,"dvd",,,
"ip man",,,,,,"cat",,"dvd",,,
"jack the ripper",,,"history channel",,,"ekk",,"vhs",,,
"january man",,,,,,"cat",,"dvd",,,
"January Man",,,"Kevin Kline",,,"cat",,"dvd",,,
"jeff foxworthy",,,,,,"cat",,"dvd",,,
"jewel in the crown",,,"4 discs",,,"cat",,"dvd",,,
"ju-on",,,"scarry",,,"cat",,"dvd",,,
"jumper",,,,,,"cat",,"bluray",,,
"karate kid",,,,,,"cat",,"bluray",,,
"kids say the darndest things",,,,,,"ekk",,"vhs",,,
"kite runner",,,,,,"cat",,"dvd",,,
"knowing",,,,,,"cat",,"dvd",,,
"kung fu panda",,,"toon",,,"cat",,"dvd",,,
"lady jane",,,,,,"cat",,"dvd",,,
"ladyhawke",,,,,,"cat",,"dvd",,,
"laserblast",,,"mst3k",,,"ekk",,"dvd",,,
"last starfighter",,,,,,"cat",,"dvd",,,
"last supper",,,,,,"ekk",,"vhs",,,
"law & order uk season 1",,,,,,"ekk",,"dvd",,,
"leapfrog",,,,,,"ekk",,"pc",,,
"legend of 1900",,,,,,"cat",,"dvd",,,
"lemmings",,,,,,"ekk",,"ps1",,,
"liar liar",,,,,,"ekk",,"vhs",,,
"life of brian",,,,,,"ekk",,"dvd",,,
"little shop of horrors",,,1960,,,"cat",,"dvd",,,
"little voice",,,,,,"cat",,"dvd",,,
"looney tunes back in action",,,,,,"ekk",,"dvd",,,
"lord of the dance",,,,,,"ekk",,"vhs",,,
"lord of the rings",,,"3 movies",,,"cat",,"dvd",,,
"lord of the rings",,,"the two towers",,,"cat",,"dvd",,,
"lord of the rings",,,"beyond the movie",,,"cat",,"dvd",,,
"lost horizon",,,1937,,,"cat",,"dvd",,,
"lost season 1",,,,,,"cat",,"dvd",,,
"madagascar escape to africa",,,,,,"cat",,"dvd",,,
"magical mystery tour",,,,,,"ekk",,"vhs",,,
"mall cop",,,,,,"ekk",,"dvd",,,
"man on fire",,,,,,"cat",,"dvd",,,
"man who knew too little",,,,,,"ekk",,"dvd",,,
"man with one red shoe",,,,,,"ekk",,"vhs",,,
"march of the penguins",,,,,,"cat",,"dvd",,,
"mark twain",,,,,,"cat",,"dvd",,,
"matrix",,,,,,"cat",,"dvd",,,
"matrix reloaded",,,,,,"cat",,"dvd",,,
"matrix revolutions",,,,,,"cat",,"dvd",,,
"maximum overdrive",,,"want on dvd",,,"ekk",,"vhs",,,
"meet the fockers",,,,,,"ekk",,"dvd",,,
"meet the parents",,,,,,"ekk",,"dvd",,,
"men who stare at goats",,,,,,"cat",,"bluray",,,
"merlin's apprentice",,,,,,"cat",,"dvd",,,
"metropolis",,,1926,,,"cat",,"dvd",,,
"midsummer night's dream",,,"shakespeare",,,"cat",,"dvd",,,
"millions of cardinals memories",,,,,,"ekk",,"dvd",,,
"monsters inc",,,"toon",,,"cat",,"dvd",,,
"monty python series",,,"#5-8",,,"cat",,"dvd",,,
"monty python's meaning of life",,,,,,"ekk",,"vhs",,,
"Moon",,,"sci fi",,,"cat",,"dvd",,,
"moon",,,,,,"cat",,"dvd",,,
"mr bean vol 1 2 4 6",,,,,,,,"dvd",,,
"mummy",,,,,,"cat",,"dvd",,,
"mummy returns",,,,,,"cat",,"dvd",,,
"my dog skip",,,,,,"cat",,"dvd",,,
"naked gun",,,,,,"ekk",,"dvd",,,
"naked gun 2 1/2",,,,,,"ekk",,"dvd",,,
"naked gun 33 1/3",,,,,,"ekk",,"dvd",,,
"narnia 1",,,,,,"cat",,"dvd",,,
"narnia 2",,,,,,"cat",,"dvd",,,
"narnia 3",,,,,,,,"bluray dvd digi",,,
"national lampoons loaded weapon",,,,,,"ekk",,"vhs",,,
"national treasure",,,,,,"cat",,"dvd",,,
"national treasure 2",,,,,,"cat",,"dvd",,,
"next friday",,,,,,"ekk",,"dvd",,,
"night at the museum",,,,,,"cat",,"dvd",,,
"night at the museum 2",,,"battle of the smith.",,,"cat",,"dvd",,,
"night of the blood beast",,,"mst3k",,,"ekk",,"dvd",,,
"noises off",,,,,,"cat",,"dvd",,,
"nothing to lose",,,,,,"ekk",,"dvd",,,
"notting hill",,,,,,"cat",,"dvd",,,
"nuts",,,"streisand",,,"cat",,"dvd",,,
"obsession",,,"radical islam",,,"cat",,"dvd",,,
"omaha",,,,,,"cat",,"dvd",,,
"omega code",,,,,,"cat",,"dvd",,,
"once upon a time in mexico",,,"double feature",,,"cat",,"dvd",,,
"osmosis jones",,,,,,"ekk",,"dvd",,,
"out of time",,,,,,"cat",,"dvd",,,
"overboard",,,,,,"cat",,"dvd",,,
"pan's labyrinth",,,,,,"cat",,"dvd",,,
"panic room",,,,,,"cat",,"dvd",,,
"paradise lost",,,"wm3",,,"cat",,"dvd",,,
"paradise lost",,,,,,"ekk",,"dvd",,,
"paradise lost 2",,,,,,"ekk",,"dvd",,,
"passion of the christ",,,,,,"cat",,"dvd",,,
"patch adams",,,,,,"cat",,"dvd",,,
"pelican brief",,,,,,"cat",,"dvd",,,
"penguins of madagascar",,,,,,"cat",,"dvd",,,
"percy jackson & the olympians",,,,,,"cat",,"dvd",,,
"perfect storm",,,,,,"cat",,"dvd",,,
"pink panther",,,"6 discs",,,"cat",,"dvd",,,
"pink panther",,,"steve martin",,,"cat",,"dvd",,,
"pirates of the caribbean",,,,,,"ekk",,"dvd",,,
"pirates of the caribbean 2",,,,,,"ekk",,"dvd",,,
"pirates of the caribbean 3",,,,,,"ekk",,"dvd",,,
"planet 51",,,,,,"ekk",,"bluray",,,
"planet earth",,,"4 disc",,,"cat",,"bluray",,,
"pleasantville",,,,,,"ekk",,"dvd",,,
"point break",,,,,,"cat",,"dvd",,,
"polar express",,,,,,"cat",,"dvd",,,
"portrait of a lady",,,,,,"cat",,"dvd",,,
"practical magic",,,,,,"ekk",,"dvd",,,
"prestige",,,,,,"cat",,"dvd",,,
"Prestige",,,,,,,,"dvd",,,
"presumed innocent",,,"h ford double feature",,,"cat",,"dvd",,,
"primal fear",,,,,,"ekk",,"vhs",,,
"prince of egypt",,,,,,"cat",,"dvd ",,,
"princess bride",,,,,,"cat",,"dvd",,,
"psychonauts",,,,,,"ekk",,"ps2",,,
"raising arizona",,,,,,"ekk",,"vhs",,,
"rebecca",,,1940,,,"cat",,"dvd",,,
"red-green we can't help it",,,,,,"cat",,"dvd",,,
"remains of the day",,,"double feature",,,"cat",,"dvd",,,
"rent",,,,,,"cat",,"dvd",,,
"rfk",,,"history channel",,,"ekk",,"vhs",,,
"riverdance",,,,,,"ekk",,"vhs",,,
"riverworld",,,,,,"cat",,"dvd",,,
"robert johnson",,,"channel 9",,,"ekk",,"vhs",,,
"robert mirabal",,,"pbs na music",,,"cat",,"dvd",,,
"robots",,,,,,"cat",,"dvd",,,
"rock and roll at 50",,,,,,"ekk",,"dvd",,,
"rock rock rock",,,,,,"ekk",,"dvd",,,
"room with a view",,,,,,"cat",,"dvd",,,
"roy orbison",,,,,,"ekk",,"dvd",,,
"rushmore",,,,,,"cat",,"dvd",,,
"rutles",,,,,,"ekk",,"vhs",,,
"santa claus",,,"mst3k",,,"ekk",,"dvd",,,
"saving grace season 1 - 3",,,,,,"cat",,"dvd",,,
"scorpion king",,,,,,"cat",,"dvd",,,
"secret window",,,"double feature j depp",,,"cat",,"dvd",,,
"seeker",,,,,,"cat",,"dvd",,,
"sense & sensibility",,,"double feature",,,"cat",,"dvd",,,
"serenity",,,"from Firefly",,,"cat",,"dvd",,,
"seven ",,,,,,"cat",,"dvd",,,
"seven pounds",,,,,,"cat",,"dvd",,,
"shakespeare in love",,,,,,"ekk",,"dvd",,,
"shamrock conspiracy",,,,,,"ekk",,"vhs",,,
"shanghai noon",,,,,,"ekk",,"dvd",,,
"sherlock holmes - 3 movies",,,,,,"ekk",,"dvd",,,
"shreck",,,,,,"ekk",,"dvd",,,
"signs",,,,,,"cat",,"dvd",,,
"sixth sense",,,,,,"cat",,"bluray",,,
"sixth sense",,,,,,"ekk",,"dvd",,,
"Skyline",,,,,,"cat",,"dvd",,,
"skyline",,,,,,"cat",,"dvd",,,
"sleepless in seatle",,,,,,"ekk",,"dvd",,,
"slumdog millionaire",,,,,,"cat",,"bluray",,,
"snake eyes",,,,,,"ekk",,"dvd",,,
"snow white",,,,,,"cat",,"dvd",,,
"soapdish",,,,,,"cat",,"dvd",,,
"sometimes they come back",,,,,,"ekk",,"vhs",,,
"sommersby",,,,,,"cat",,"dvd",,,
"sonic mega collection plus",,,,,,"ekk",,"ps2",,,
"Sorcerer's Apprentice",,,"Nick Cage",,,"cat",,"bluray",,,
"sorcerers apprentice",,,,,,,,"bluray dvd",,,
"space jam",,,,,,"ekk",,"dvd",,,
"species",,,,,,"cat",,"dvd",,,
"spiderman 3",,,,,,"cat",,"bluray",,,
"spiderwick chronicles",,,,,,"cat",,"dvd",,,
"st.louis cardinals movie",,,,,,"ekk",,"vhs",,,
"star trek 2 the wrath of khan",,,,,,"cat",,"dvd",,,
"star trek 3 the search for spock",,,,,,"cat",,"dvd",,,
"star trek 4 the voyage home",,,,,,"cat",,"dvd",,,
"star trek 5 the final frontier",,,,,,"cat",,"dvd",,,
"star trek 6 the undiscovered country",,,,,,"cat",,"dvd",,,
"star trek first contact",,,,,,"cat",,"dvd",,,
"star trek Generations",,,,,,"cat",,"dvd",,,
"star trek insurrection",,,,,,"cat",,"dvd",,,
"star trek original series",,,"01/23/13",,,"cat",,"dvd",,,
"star trek the motion picture",,,"director's edition",,,"cat",,"dvd",,,
"star wars 2 attack of the clones",,,,,,"cat",,"dvd",,,
"star wars 3 revenge of the sith",,,,,,"cat",,"dvd",,,
"star wars1 the phantom menace",,,,,,"cat",,"dvd",,,
"stargate",,,,,,"cat",,"dvd",,,
"stranger than fiction",,,,,,"cat",,"dvd",,,
"street dreams",,,"bonus dvd",,,"cat",,"dvd",,,
"sweeney todd",,,"johnny depp",,,"cat",,"dvd",,,
"tangled",,,,,,,,"bluray dvd",,,
"tender loving care",,,"interactive movie",,,"cat",,"dvd",,,
"the american success company",,,,,,"ekk",,"vhs",,,
"the fountain",,,,,,"cat",,"dvd",,,
"the happening",,,,,,"cat",,"dvd",,,
"the mask",,,"jim carey",,,"cat",,"dvd",,,
"the piano",,,,,,"cat",,"dvd",,,
"the ref",,,,,,"ekk",,"vhs",,,
"the terminal",,,,,,"cat",,"dvd",,,
"the village",,,,,,"cat",,"dvd",,,
"three kings",,,,,,"cat",,"dvd",,,
"thunder road",,,1958,,,"cat",,"dvd",,,
"top secret",,,,,,"ekk",,"vhs",,,
"total recall",,,,,,"cat",,"dvd",,,
"tourist trophy",,,,,,"ekk",,"ps2",,,
"Town",,,,,,"cat",,"dvd",,,
"town",,,,,,"cat",,"dvd",,,
"toy story 1 &2",,,,,,"cat",,"dvd",,,
"trail of tears",,,,,,"cat",,"dvd",,,
"treasure of the gods",,,"zion canyon",,,"cat",,"dvd",,,
"trekkies",,,,,,"cat",,"dvd",,,
"trial and error",,,,,,"ekk",,"dvd",,,
"truman show",,,,,,"cat",,"dvd",,,
"twisted",,,,,,"cat",,"dvd",,,
"up",,,,,,"ekk",,"dvd",,,
"used cars",,,,,,"ekk",,"vhs",,,
"usual suspects",,,,,,"ekk",,"dvd",,,
"vanilla sky",,,,,,"cat",,"dvd",,,
"waking ned devine",,,,,,"ekk",,"dvd",,,
"wall-e",,,,,,"cat",,"dvd",,,
"warrior of the lost world",,,"mst3k",,,"ekk",,"dvd",,,
"weatherman",,,,,,"cat",,"dvd",,,
"werewolf",,,"mst3k",,,"ekk",,"dvd",,,
"west side story",,,1961,,,"cat",,"dvd",,,
"whales",,,"enviro",,,"cat",,"dvd",,,
"which way is up",,,,,,"ekk",,"dvd",,,
"wild wild west",,,,,,"ekk",,"dvd",,,
"wizard of oz",,,,,,"cat",,"dvd",,,
"wizard of oz ",,,1925,,,"cat",,"dvd",,,
"wizard of oz -scarecrow of oz",,,"1920's",,,"cat",,"dvd",,,
"you've got mail",,,,,,"cat",,"dvd",,,
"young hearts unlimited",,,,,,"cat",,"dvd",,,
"young victoria",,,,,,"cat",,"dvd",,,
"zathura",,,,,,"cat",,"dvd",,,
"a passage to india",,,,,,"cat",,"dvd",,,
"lost season 3",,,,,,,,"bluray",,,
"lost season 2",,,,,,,,"dvd",,,
"lost season4",,,,,,,,"dvd",,,
"lost season 5",,,,,,,,"dvd",,,
"lost season 6",,,,,,,,"dvd",,,
